title;prix;adresse;image_url
Ensemble chemise;8 000 CFA;Dakar, Sénégal;https://sn.coinafrique.com/annonce/vetements-homme/ensemble-chemise-5109611
Ensemble short;5 500 CFA;Dakar, Sénégal;https://sn.coinafrique.com/annonce/vetements-homme/ensemble-en-lin-5571613
Costume africaine;30 000 CFA;Ouakam, Dakar, Sénégal;https://sn.coinafrique.com/annonce/vetements-homme/costumes-africains-hommes-3898206
Jackets homme;12 000 CFA;Diamalaye 1, Dakar, Sénégal;https://sn.coinafrique.com/annonce/vetements-homme/jackets-homme-3956954
Vêtements homme;10 000 CFA;Yoff, Dakar, Sénégal;https://sn.coinafrique.com/annonce/vetements-homme/ensemble-homme-3661182
Jeans homme;15 000 CFA;Parcelle Assainies, Dakar, Sénégal;https://sn.coinafrique.com/annonce/vetements-homme/jeans-homme-5647705
Jeans homme;15 000 CFA;Parcelle Assainies, Dakar, Sénégal;https://sn.coinafrique.com/annonce/vetements-homme/jeans-homme-5647705
Ensemble courte manche homme;9 000 CFA;Parcelle Assainies, Dakar, Sénégal;https://sn.coinafrique.com/annonce/vetements-homme/vetements-accessoires-homme-2856401
Blouson;25 000 CFA;Medina, Dakar, Sénégal;https://sn.coinafrique.com/annonce/vetements-homme/blousons-homme-3729076
Ensembles blouson;25 000 CFA;Guediawaye, Dakar, Sénégal;https://sn.coinafrique.com/annonce/vetements-homme/ensemble-blouson-4048060
Polos homme;2 800 CFA;Point E, Dakar, Sénégal;https://sn.coinafrique.com/annonce/vetements-homme/polos-lacoste-homme-3860138
Costume wax homme;Prix sur demande;Guediawaye, Dakar, Sénégal;
Demi grand boubou homme;65 000 CFA;Guediawaye, Dakar, Sénégal;https://sn.coinafrique.com/annonce/vetements-homme/vetements-homme-4171394
Caleçons;5 000 CFA;Dakar, Sénégal;https://sn.coinafrique.com/annonce/vetements-homme/calecons-5663521
Quarter zip;Prix sur demande;Fass, Dakar, Sénégal;
Spencer;Prix sur demande;Fass, Dakar, Sénégal;https://sn.coinafrique.com/annonce/vetements-homme/pull-spencer-homme-3620712
Vêtements homme;300 CFA;Mermoz-Sacré Coeur, Dakar, Sénégal;https://sn.coinafrique.com/annonce/vetements-homme/ensemble-homme-3661182
Ensemble blouson en coton;13 000 CFA;Dakar Plateau, Dakar, Sénégal;https://sn.coinafrique.com/annonce/vetements-homme/ensemble-blouson-homme-2753475
Emsemble 100℅ coton;15 000 CFA;Colobane, Dakar, Sénégal;
Ensemble femme;15 000 CFA;Colobane, Dakar, Sénégal;https://sn.coinafrique.com/annonce/vetements-homme/ensemble-homme-et-femme-4492055
Ensemble longue manche;6 000 CFA;Dakar, Sénégal;https://sn.coinafrique.com/annonce/vetements-homme/ensemble-longue-manche-5635224
Ensemble coton;7 500 CFA;Dakar, Sénégal;https://sn.coinafrique.com/annonce/vetements-homme/ensemble-short-5387379
Ensemble longue manche;6 000 CFA;Dakar, Sénégal;https://sn.coinafrique.com/annonce/vetements-homme/ensemble-longue-manche-5635224
Blouson;9 000 CFA;Dakar, Sénégal;https://sn.coinafrique.com/annonce/vetements-homme/blouson-5671819
Collants Nike;4 000 CFA;Dakar, Sénégal;
Blouson longue manche;6 000 CFA;Dakar, Sénégal;
Costumes homme;25 000 CFA;Thies, Sénégal;https://sn.coinafrique.com/annonce/vetements-homme/costume-homme-4150428
T-shirts;5 000 CFA;Sicap Liberté, Dakar, Sénégal;https://sn.coinafrique.com/annonce/vetements-homme/pack-de-3-t-shirts-en-coton-3-debardeurs-3-boxeurs-5390305
Blousons;12 000 CFA;Dakar, Sénégal;https://sn.coinafrique.com/annonce/vetements-homme/blouson-5671819
Veste Adidas;8 000 CFA;Mbao, Dakar, Sénégal;https://sn.coinafrique.com/annonce/vetements-homme/veste-adidas-3079966
Chemises manches longues;4 000 CFA;Mbao, Dakar, Sénégal;https://sn.coinafrique.com/annonce/vetements-homme/ensemble-pantalon-chemise-longue-manche-3288363
Chemises courtes manches;4 000 CFA;Mbao, Dakar, Sénégal;https://sn.coinafrique.com/annonce/vetements-homme/chemise-homme-3709975
Jeans en denim;4 000 CFA;Mbao, Dakar, Sénégal;https://sn.coinafrique.com/annonce/vetements-homme/jeans-homme-5647705
Veste en polyester;4 000 CFA;Mbao, Dakar, Sénégal;
Pull;10 000 CFA;Colobane, Dakar, Sénégal;https://sn.coinafrique.com/annonce/vetements-homme/pull-homme-5087584
Costumes hommes;35 000 CFA;Rufisque, Sénégal;https://sn.coinafrique.com/annonce/vetements-homme/ensemble-costume-africain-homme-5478956
Emsemble;Prix sur demande;Colobane, Dakar, Sénégal;https://sn.coinafrique.com/annonce/vetements-homme/emsemble-100-coton-5624968
Chemise classique manteau cuir super cent jean;Prix sur demande;Dakar Plateau, Dakar, Sénégal;
Pull personnalisé;12 000 CFA;Ouakam, Dakar, Sénégal;
Ensemble homme;15 000 CFA;Colobane, Dakar, Sénégal;https://sn.coinafrique.com/annonce/vetements-homme/ensemble-homme-5280460
Pull over;12 000 CFA;Yoff, Dakar, Sénégal;https://sn.coinafrique.com/annonce/vetements-homme/pull-over-homme-3476623
Doudoune sans maches;6 000 CFA;Medina, Dakar, Sénégal;
Veste chemise;15 000 CFA;Sicap Liberté, Dakar, Sénégal;
Habit homme;14 000 CFA;HLM, Dakar, Sénégal;https://sn.coinafrique.com/annonce/vetements-homme/boubous-homme-3674927
Tenue africaine;40 000 CFA;Dakar, Sénégal;https://sn.coinafrique.com/annonce/vetements-homme/tenue-africaine-5360278
Pulls;4 500 CFA;Dakar, Sénégal;
Ensemble femme;6 000 CFA;Dakar, Sénégal;https://sn.coinafrique.com/annonce/vetements-homme/ensemble-homme-et-femme-3917906
Pull over;8 000 CFA;Dakar, Sénégal;https://sn.coinafrique.com/annonce/vetements-homme/pull-over-5682961
Pull-over;8 000 CFA;Dakar, Sénégal;https://sn.coinafrique.com/annonce/vetements-homme/pull-over-5682961
Pull-over;6 000 CFA;Dakar, Sénégal;https://sn.coinafrique.com/annonce/vetements-homme/pull-over-5682961
Ensemble;10 000 CFA;Dakar, Sénégal;https://sn.coinafrique.com/annonce/vetements-homme/ensemble-homme-5657576
Pull;6 000 CFA;Dakar, Sénégal;https://sn.coinafrique.com/annonce/vetements-homme/pull-collant-5667205
T-shirt unique en coton;3 000 CFA;Dakar, Sénégal;https://sn.coinafrique.com/annonce/vetements-homme/t-shirts-unique-100-coton-5549028
Pantalon bas large;7 000 CFA;Dakar, Sénégal;https://sn.coinafrique.com/annonce/vetements-homme/pantalon-bas-large-5674255
Pantalon bas large;7 000 CFA;Dakar, Sénégal;https://sn.coinafrique.com/annonce/vetements-homme/pantalon-bas-large-5674255
Pull collant;5 000 CFA;Dakar, Sénégal;https://sn.coinafrique.com/annonce/vetements-homme/pulls-collants-3472156
Blouson;20 000 CFA;Dakar, Sénégal;https://sn.coinafrique.com/annonce/vetements-homme/blouson-5671819
Ensemble en jeans;20 000 CFA;Dakar, Sénégal;https://sn.coinafrique.com/annonce/vetements-homme/ensemble-jeans-chemise-4672257
Ensemble;22 000 CFA;Dakar, Sénégal;https://sn.coinafrique.com/annonce/vetements-homme/ensemble-homme-5657576
Ensemble homme;20 000 CFA;Dakar, Sénégal;https://sn.coinafrique.com/annonce/vetements-homme/ensemble-5682963
Blouson;20 000 CFA;Dakar, Sénégal;https://sn.coinafrique.com/annonce/vetements-homme/blouson-5671819
Ensemble lacostes + kaki;13 000 CFA;Dakar, Sénégal;https://sn.coinafrique.com/annonce/vetements-homme/ensemble-lacoste-kaki-5379656
Gilet;8 000 CFA;Dakar, Sénégal;https://sn.coinafrique.com/annonce/vetements-homme/gilet-homme-4524096
Pull-over;7 000 CFA;Dakar, Sénégal;https://sn.coinafrique.com/annonce/vetements-homme/pull-over-5682961
Chemise;7 000 CFA;Dakar, Sénégal;https://sn.coinafrique.com/annonce/vetements-homme/ensemble-chemise-5588146
Jacket;14 000 CFA;Dakar, Sénégal;https://sn.coinafrique.com/annonce/vetements-homme/jacket-5657709
Caleçons;1 000 CFA;Dakar, Sénégal;https://sn.coinafrique.com/annonce/vetements-homme/calecons-5663521
Pantalon kaki;8 000 CFA;Dakar, Sénégal;https://sn.coinafrique.com/annonce/vetements-homme/pantalon-kaki-5563760
Djalabeh;12 000 CFA;Dakar, Sénégal;https://sn.coinafrique.com/annonce/vetements-homme/djalabeh-5657721
Djalabeh;10 000 CFA;Dakar, Sénégal;https://sn.coinafrique.com/annonce/vetements-homme/djalabeh-5657721
Jacket en jeans;12 000 CFA;Dakar, Sénégal;https://sn.coinafrique.com/annonce/vetements-homme/jacket-en-jeans-5046241
Jeans homme;4 500 CFA;Dakar, Sénégal;https://sn.coinafrique.com/annonce/vetements-homme/jeans-homme-5386899
Liquette homme et femme;5 500 CFA;Medina, Dakar, Sénégal;
Djialabé;15 000 CFA;Dieuppeul-Derklé, Dakar, Sénégal;https://sn.coinafrique.com/annonce/vetements-homme/djialabe-5704563
Djialabé;17 000 CFA;Dieuppeul-Derklé, Dakar, Sénégal;https://sn.coinafrique.com/annonce/vetements-homme/djialabe-5704563
Djialabé;15 000 CFA;Dieuppeul-Derklé, Dakar, Sénégal;https://sn.coinafrique.com/annonce/vetements-homme/djialabe-5704563
Chemise Aladji simple;10 000 CFA;Dieuppeul-Derklé, Dakar, Sénégal;
Chemise Aladji;15 000 CFA;Dieuppeul-Derklé, Dakar, Sénégal;https://sn.coinafrique.com/annonce/vetements-homme/chemise-aladji-simple-5704570
Chemise unique original 100℅ coton;5 000 CFA;Colobane, Dakar, Sénégal;
Liquête djiene;10 000 CFA;Colobane, Dakar, Sénégal;
